,RI_bar,RI_CI95
Water table,26.48411749903999,1.9467650364221853
T soil 50cm,73.51588250096002,1.3180242608507309
