,RI_bar,RI_CI95
T air,5.728350738841073,0.1060095178030921
DOY,8.346639539648836,0.38513215362543185
T soil 10cm,7.290489278954196,0.3314863404161865
T soil 50cm,8.835196972355249,0.45950277244595555
Rn,9.80365986122922,0.7993168994466713
PPFD,59.99566360897143,4.037845270590541
