,RI_bar,RI_CI95,lower_bound,Drop
Rand,2.3170681097357533,0.3747457068771237,1.9423224028586294,5.148467465410495
Rand_Skew,2.831399355674742,0.5107872294681804,2.3206121262065613,5.148467465410495
Water table,21.477100942171298,4.956912629880031,16.520188312291268,0.0
T soil 50cm,73.3744315924182,2.154017112360008,71.2204144800582,0.0
