,RI_bar,RI_CI95,lower_bound,Drop
Rand,0.6338032401172529,0.1984661552081633,0.43533708490908957,1.6310459776673023
Rand_Skew,0.9972427375500494,0.2935453005592278,0.7036974369908217,1.6310459776673023
T air,5.326224617631048,0.2008343686771849,5.125390248953863,0.0
DOY,7.0082173227406495,0.7769933056658053,6.231224017074844,0.0
T soil 10cm,7.704218626404746,0.4837265194872721,7.220492106917474,0.0
T soil 50cm,7.745074216393602,0.5213631256546036,7.223711090738998,0.0
Rn,8.840944012870043,1.7156499031591157,7.125294109710928,0.0
PPFD,61.7442752262926,6.884373499462641,54.85990172682996,0.0
